Id,LotArea,Street,SalePrice,Neighborhood,YearBuilt,OverallQual,OverallCond,KitchenQual
101,10603,Pave,205000,NWAmes,1977,6,7,Gd
102,9206,Pave,178000,SawyerW,1985,6,5,Gd
103,7018,Pave,118964,SawyerW,1979,5,5,TA
104,10402,Pave,198900,CollgCr,2009,7,5,Gd
105,7758,Pave,169500,IDOTRR,1931,7,4,TA
106,9375,Pave,250000,Somerst,2003,8,5,Gd
107,10800,Pave,100000,OldTown,1885,4,7,TA
108,6000,Pave,115000,OldTown,1948,5,5,TA
109,8500,Pave,115000,IDOTRR,1919,5,7,Fa
110,11751,Pave,190000,NWAmes,1977,6,6,TA
111,9525,Pave,136900,Edwards,1954,6,4,TA
112,7750,Pave,180000,Gilbert,2000,7,5,TA
113,9965,Pave,383970,CollgCr,2007,7,5,Ex
114,21000,Pave,217000,Crawfor,1953,6,5,Gd
115,7259,Pave,259500,Crawfor,1945,6,8,Gd
116,3230,Pave,176000,Somerst,1999,6,5,TA
117,11616,Pave,139000,Sawyer,1962,5,5,TA
118,8536,Pave,155000,Edwards,2006,5,5,TA
119,12376,Pave,320000,SawyerW,1990,7,5,Gd
120,8461,Pave,163990,CollgCr,2005,6,5,Gd
121,21453,Pave,180000,ClearCr,1969,6,5,TA
122,6060,Pave,100000,IDOTRR,1939,4,5,TA
123,9464,Pave,136000,NAmes,1958,6,7,TA
124,7892,Pave,153900,SawyerW,1993,6,5,Gd
125,17043,Pave,181000,NWAmes,1979,6,5,TA
126,6780,Pave,84500,IDOTRR,1935,6,8,TA
127,4928,Pave,128000,NPkVill,1976,6,5,TA
128,4388,Pave,87000,OldTown,1930,5,7,TA
129,7590,Pave,155000,NAmes,1966,6,5,TA
130,8973,Pave,150000,NAmes,1958,5,7,Ex
131,14200,Pave,226000,NAmes,1966,7,6,Gd
132,12224,Pave,244000,Gilbert,2000,6,5,Gd
133,7388,Pave,150750,NAmes,1959,5,6,Gd
134,6853,Pave,220000,Timber,2001,8,5,Gd
135,10335,Pave,180000,Sawyer,1968,5,6,TA
136,10400,Pave,174000,NWAmes,1970,7,6,TA
137,10355,Pave,143000,NAmes,1967,5,5,TA
138,11070,Pave,171000,Mitchel,1988,7,5,TA
139,9066,Pave,230000,CollgCr,1999,8,5,Gd
140,15426,Pave,231500,CollgCr,1997,6,5,Gd
141,10500,Pave,115000,NAmes,1971,4,5,TA
142,11645,Pave,260000,CollgCr,2005,7,5,Gd
143,8520,Pave,166000,NAmes,1952,5,4,TA
144,10335,Pave,204000,CollgCr,1999,7,5,Gd
145,9100,Pave,125000,Sawyer,1963,5,5,TA
146,2522,Pave,130000,Edwards,2004,6,5,Gd
147,6120,Pave,105000,BrkSide,1931,5,7,TA
148,9505,Pave,222500,Gilbert,2001,7,5,Gd
149,7500,Pave,141000,SawyerW,2004,7,5,Gd
150,6240,Pave,115000,BrkSide,1936,5,4,TA
151,10356,Pave,122000,CollgCr,1975,5,6,TA
152,13891,Pave,372402,NridgHt,2007,8,5,Gd
153,14803,Pave,190000,NWAmes,1971,6,5,TA
154,13500,Pave,235000,ClearCr,1960,6,7,TA
155,11340,Pave,125000,OldTown,1923,6,5,TA
156,9600,Pave,79000,Edwards,1924,6,5,TA
157,7200,Pave,109500,NAmes,1950,5,7,TA
158,12003,Pave,269500,Timber,2009,8,5,Ex
159,12552,Pave,254900,Somerst,2004,7,5,Gd
160,19378,Pave,320000,Gilbert,2005,7,5,Gd
161,11120,Pave,162500,Veenker,1984,6,6,TA
162,13688,Pave,412500,NridgHt,2003,9,5,Ex
163,12182,Pave,220000,NridgHt,2005,7,5,Gd
164,5500,Pave,103200,OldTown,1956,4,6,TA
165,5400,Pave,152000,OldTown,1926,6,7,Gd
166,10106,Pave,127500,Edwards,1940,5,7,TA
167,10708,Pave,190000,ClearCr,1955,5,5,TA
168,10562,Pave,325624,NridgHt,2007,8,5,Ex
169,8244,Pave,183500,Gilbert,2004,7,5,Gd
170,16669,Pave,228000,Timber,1981,8,6,TA
171,12358,Pave,128500,OldTown,1941,5,6,TA
172,31770,Pave,215000,NAmes,1960,6,5,TA
173,5306,Pave,239000,StoneBr,1987,7,7,Gd
174,10197,Pave,163000,NAmes,1961,6,5,TA
175,12416,Pave,184000,Timber,1986,6,5,TA
176,12615,Pave,243000,Edwards,1950,6,7,Gd
177,10029,Pave,211000,ClearCr,1988,6,5,TA
178,13650,Pave,172500,Sawyer,1958,5,5,Gd
179,17423,Pave,501837,StoneBr,2008,9,5,Ex
180,8520,Pave,100000,OldTown,1923,5,6,TA
181,2117,Pave,177000,Somerst,2000,6,5,Gd
182,7588,Pave,200100,Crawfor,1920,7,6,TA
183,9060,Pave,120000,Edwards,1957,5,6,TA
184,11426,Pave,200000,OldTown,2003,7,5,Gd
185,7438,Pave,127000,BrkSide,1908,5,8,TA
186,22950,Pave,475000,OldTown,1892,10,9,Ex
187,9947,Pave,173000,Mitchel,1990,7,5,Gd
188,10410,Pave,135000,OldTown,1916,5,7,TA
189,7018,Pave,153337,SawyerW,1979,5,5,TA
190,4923,Pave,286000,StoneBr,2001,8,5,Ex
191,10570,Pave,315000,Crawfor,1932,8,8,Gd
192,7472,Pave,184000,NAmes,1972,7,9,Gd
193,9017,Pave,192000,CollgCr,1999,7,5,Gd
194,2522,Pave,130000,Edwards,2004,7,5,Gd
195,7180,Pave,127000,CollgCr,1972,5,7,TA
196,2280,Pave,148500,NPkVill,1976,6,6,TA
197,9416,Pave,311872,Somerst,2007,7,5,Ex
198,25419,Pave,235000,NAmes,1918,8,4,Gd
199,5520,Pave,104000,OldTown,1912,6,6,TA
200,9591,Pave,274900,NridgHt,2004,8,5,Ex
201,8546,Pave,140000,Edwards,2003,4,5,TA
202,10125,Pave,171500,Mitchel,1977,6,6,TA
203,7000,Pave,112000,OldTown,1924,6,6,TA
204,4438,Pave,149000,CollgCr,2004,6,5,Gd
205,3500,Pave,110000,OldTown,1947,5,7,TA
206,11851,Pave,180500,Gilbert,1990,7,5,TA
207,13673,Pave,143900,Sawyer,1962,5,5,TA
208,12493,Pave,141000,NAmes,1960,4,5,TA
209,14364,Pave,277000,SawyerW,1988,7,5,TA
210,8250,Pave,145000,NAmes,1964,6,7,TA
211,5604,Pave,98000,Edwards,1925,5,6,TA
212,10420,Pave,186000,Edwards,2009,6,5,Gd
213,8640,Pave,252678,Somerst,2009,7,5,Gd
214,13568,Pave,156000,CollgCr,1995,5,5,TA
215,10900,Pave,161750,CollgCr,1977,6,7,TA
216,10011,Pave,134450,NAmes,1957,5,6,Gd
217,8450,Pave,210000,CollgCr,2004,7,5,Gd
218,9906,Pave,107000,OldTown,1925,4,4,TA
219,15660,Pave,311500,Crawfor,1939,7,9,Gd
220,3010,Pave,167240,Blmngtn,2005,7,5,Gd
221,8990,Pave,204900,CollgCr,2006,7,5,Gd
222,8068,Pave,200000,Gilbert,2002,6,5,Gd
223,11475,Pave,179900,NWAmes,1975,6,6,TA
224,10500,Pave,97000,NAmes,1971,4,6,TA
225,13472,Pave,386250,NridgHt,2003,10,5,Ex
226,1680,Pave,112000,BrDale,1971,5,5,TA
227,9950,Pave,290000,NoRidge,1995,7,5,Gd
228,1869,Pave,106000,BrDale,1970,6,6,TA
229,8521,Pave,125000,Sawyer,1967,5,5,TA
230,3182,Pave,192500,Blmngtn,2005,7,5,Gd
231,8760,Pave,148000,NAmes,1959,6,6,TA
232,15138,Pave,403000,NoRidge,1995,8,5,Ex
233,1680,Pave,94500,BrDale,1972,6,5,TA
234,10650,Pave,128200,CollgCr,1976,5,6,TA
235,7851,Pave,216500,Gilbert,2002,6,5,Gd
236,1680,Pave,89500,BrDale,1971,6,3,TA
237,8773,Pave,185500,CollgCr,2004,7,5,Gd
238,9453,Pave,194500,SawyerW,1993,7,7,Gd
239,12030,Pave,318000,NridgHt,2007,8,5,Gd
240,8741,Pave,113000,Edwards,1945,6,4,TA
241,9000,Pave,262500,Somerst,2008,8,5,Gd
242,3880,Pave,110500,OldTown,1945,5,9,Gd
243,5000,Pave,79000,OldTown,1900,5,4,TA
244,10762,Pave,120000,SawyerW,1980,6,6,TA
245,8880,Pave,205000,SawyerW,1994,7,5,Gd
246,10400,Pave,241500,NWAmes,1988,7,5,TA
247,9142,Pave,137000,OldTown,1910,6,8,Fa
248,11310,Pave,140000,NAmes,1954,6,5,TA
249,11317,Pave,180000,CollgCr,2003,7,5,Gd
250,159000,Pave,277000,ClearCr,1958,6,7,Gd
251,5350,Pave,76500,BrkSide,1940,3,2,Fa
252,4750,Pave,235000,Crawfor,2006,8,5,Gd
253,8366,Pave,173000,SawyerW,2004,6,5,Gd
254,9350,Pave,158000,NAmes,1964,6,7,Gd
255,8400,Pave,145000,NAmes,1957,5,6,TA
256,8738,Pave,230000,Gilbert,1999,7,5,Gd
257,8791,Pave,207500,Somerst,2003,6,5,Gd
258,8814,Pave,220000,CollgCr,2006,7,5,Gd
259,12435,Pave,231500,CollgCr,2001,7,5,Gd
260,12702,Pave,97000,OldTown,1956,5,5,TA
261,19296,Pave,176000,NAmes,1962,6,5,TA
262,9588,Pave,276000,CollgCr,2007,8,5,Ex
263,8471,Pave,151000,Sawyer,1977,6,7,TA
264,5500,Pave,130000,OldTown,1929,5,7,TA
265,5232,Pave,73000,OldTown,1925,5,5,TA
266,12090,Pave,175500,NWAmes,1981,6,6,Gd
267,11207,Pave,185000,Gilbert,1997,6,5,TA
268,8400,Pave,179500,SWISU,1939,5,8,Gd
269,6900,Pave,120500,IDOTRR,1940,5,6,TA
270,7917,Pave,148000,Edwards,1976,6,7,TA
271,10728,Pave,266000,Somerst,2006,8,5,Gd
272,39104,Pave,241500,ClearCr,1954,7,7,TA
273,11764,Pave,290000,NoRidge,1999,8,7,Gd
274,9600,Pave,139000,NAmes,1958,6,6,TA
275,8314,Pave,124500,Mitchel,1982,5,7,TA
276,7264,Pave,205000,BrkSide,1925,7,7,Ex
277,9196,Pave,201000,Mitchel,2003,7,5,Gd
278,19138,Pave,141000,Gilbert,1951,4,5,TA
279,14450,Pave,415298,NridgHt,2006,9,5,Ex
280,10005,Pave,192000,ClearCr,1977,7,5,TA
281,11287,Pave,228500,SawyerW,1989,7,6,Gd
282,7200,Pave,185000,Somerst,2006,6,5,Gd
283,5063,Pave,207500,NridgHt,2007,7,5,Gd
284,9612,Pave,244600,Somerst,2008,8,5,Gd
285,8012,Pave,179200,SawyerW,1992,6,5,Gd
286,4251,Pave,164700,Somerst,2006,7,5,Gd
287,9786,Pave,159000,NAmes,1962,6,7,Gd
288,8125,Pave,88000,NAmes,1971,4,4,TA
289,9819,Pave,122000,Sawyer,1967,5,5,TA
290,8730,Pave,153575,BrkSide,1915,6,7,TA
291,15611,Pave,233230,CollgCr,2006,8,5,Gd
292,5687,Pave,135900,SWISU,1912,5,6,Fa
293,11409,Pave,131000,Edwards,1949,5,4,TA
294,16659,Pave,235000,NWAmes,1977,7,7,Gd
295,9600,Pave,167000,NAmes,1953,6,5,TA
296,7937,Pave,142500,Mitchel,1984,6,6,TA
297,13710,Pave,152000,IDOTRR,1950,5,5,TA
298,7399,Pave,239000,Somerst,1997,7,5,Gd
299,11700,Pave,175000,NWAmes,1968,6,6,TA
300,14000,Pave,158500,Crawfor,1950,6,8,Gd
301,15750,Pave,157000,Crawfor,1953,5,5,TA
302,16226,Pave,267000,CollgCr,1998,8,5,Gd
303,13704,Pave,205000,CollgCr,2001,7,5,Gd
304,9800,Pave,149900,CollgCr,1972,5,7,TA
305,18386,Pave,295000,OldTown,1880,7,9,Gd
306,10386,Pave,305900,CollgCr,2004,8,5,Gd
307,13474,Pave,225000,SawyerW,1990,7,5,Gd
308,7920,Pave,89500,IDOTRR,1920,6,7,Fa
309,12342,Pave,82500,Edwards,1940,4,5,TA
310,12378,Pave,360000,NridgHt,2003,9,5,Ex
311,7685,Pave,165600,Gilbert,1993,6,5,Gd
312,8000,Pave,132000,NAmes,1948,6,6,TA
313,7800,Pave,119900,OldTown,1939,5,7,TA
314,215245,Pave,375000,Timber,1965,7,5,TA
315,9600,Pave,178000,OldTown,1925,7,7,Ex
316,7795,Pave,188500,Gilbert,2004,7,5,Gd
317,13005,Pave,260000,NWAmes,1980,7,7,Ex
318,9000,Pave,270000,Somerst,2006,8,5,Gd
319,9900,Pave,260000,NoRidge,1993,7,5,Gd
320,14115,Pave,187500,NWAmes,1980,7,5,TA
321,16259,Pave,342643,NridgHt,2006,9,5,Gd
322,12099,Pave,354000,NridgHt,2004,8,5,Gd
323,10380,Pave,301000,SawyerW,1986,7,5,Gd
324,5820,Pave,126175,OldTown,1955,3,8,TA
325,11275,Pave,242000,NAmes,1967,7,7,Gd
326,5000,Pave,87000,IDOTRR,1941,5,6,TA
327,10846,Pave,324000,Veenker,1993,8,5,Gd
328,11600,Pave,145250,NAmes,1960,6,5,TA
329,11888,Pave,214500,BrkSide,1916,6,6,Gd
330,6402,Pave,78000,IDOTRR,1920,5,5,TA
331,10624,Pave,119000,NAmes,1964,5,4,TA
332,8176,Pave,139000,NAmes,1958,5,6,TA
333,10655,Pave,284000,NridgHt,2003,8,5,Gd
334,8198,Pave,207000,NridgHt,2004,7,5,Gd
335,9042,Pave,192000,Gilbert,1998,6,5,TA
336,164660,Grvl,228950,Timber,1965,5,6,TA
337,14157,Pave,377426,StoneBr,2005,9,5,Gd
338,9135,Pave,214000,CollgCr,2002,7,5,Gd
339,14145,Pave,202500,NWAmes,1984,7,7,Gd
340,12400,Pave,155000,NAmes,1958,6,7,TA
341,14191,Pave,202900,Timber,2002,8,5,Gd
342,8400,Pave,82000,SawyerW,1950,4,4,TA
343,8544,Pave,87500,NAmes,1949,3,4,TA
344,8849,Pave,266000,NridgHt,2005,9,5,Ex
345,2592,Pave,85000,MeadowV,1976,5,3,TA
346,6435,Pave,140200,BrkSide,1939,6,5,Fa
347,12772,Pave,151500,NAmes,1960,6,8,TA
348,17600,Pave,157500,NAmes,1960,6,5,TA
349,2448,Pave,154000,NridgHt,2003,7,5,Gd
350,20431,Pave,437154,NridgHt,2005,9,5,Ex
351,7820,Pave,318061,NridgHt,2007,9,5,Ex
352,5271,Pave,190000,ClearCr,1986,7,5,Gd
353,9084,Pave,95000,Edwards,1941,5,6,TA
354,8520,Pave,105900,OldTown,1928,6,8,TA
355,8400,Pave,140000,SWISU,1940,6,5,TA
356,11249,Pave,177500,CollgCr,1995,6,5,Gd
357,9248,Pave,173000,Gilbert,1992,6,6,Gd
358,4224,Pave,134000,MeadowV,1976,5,5,TA
359,6930,Pave,130000,ClearCr,1958,5,4,Gd
360,12011,Pave,280000,NoRidge,1998,8,5,Gd
361,7540,Pave,156000,Mitchel,1978,6,6,TA
362,9144,Pave,145000,BrkSide,1940,5,5,TA
363,7301,Pave,198500,Edwards,2003,7,5,Gd
364,1680,Pave,118000,BrDale,1972,6,8,Gd
365,18800,Pave,190000,NWAmes,1976,6,5,TA
366,10690,Pave,147000,IDOTRR,1920,5,7,TA
367,9500,Pave,159000,NAmes,1963,6,5,TA
368,9150,Pave,165000,NAmes,1962,6,5,TA
369,7800,Pave,132000,NAmes,1954,5,6,TA
370,9830,Pave,162000,NAmes,1959,5,7,Gd
371,8121,Pave,172400,Gilbert,2000,6,5,TA
372,17120,Pave,134432,ClearCr,1959,4,4,TA
373,7175,Pave,125000,SawyerW,1984,6,5,TA
374,10634,Pave,123000,NAmes,1953,5,6,TA
375,8200,Pave,219500,CollgCr,2003,7,5,Gd
376,10020,Pave,61000,Edwards,1922,1,1,Fa
377,8846,Pave,148000,CollgCr,1996,5,5,TA
378,11143,Pave,340000,Somerst,2004,8,5,Gd
379,11394,Pave,394432,StoneBr,2010,9,2,Ex
380,8123,Pave,179000,Gilbert,2000,6,5,TA
381,5000,Pave,127000,SWISU,1924,5,6,Gd
382,7200,Pave,187750,Somerst,2006,7,5,Gd
383,9245,Pave,213500,CollgCr,2006,7,5,Gd
384,9000,Pave,76000,SawyerW,1928,6,3,TA
385,53107,Pave,240000,ClearCr,1992,6,5,Gd
386,3182,Pave,192000,Blmngtn,2004,8,5,Gd
387,8410,Pave,81000,Edwards,1910,5,3,TA
388,7200,Pave,125000,Edwards,1976,6,6,TA
389,9382,Pave,191000,CollgCr,1999,7,5,Gd
390,12474,Pave,426000,NridgHt,2007,10,5,Ex
391,8405,Pave,119000,Edwards,1900,5,8,TA
392,12209,Pave,215000,Mitchel,2001,6,5,Gd
393,8339,Pave,106500,NAmes,1959,5,7,TA
394,7446,Pave,100000,BrkSide,1941,4,5,TA
395,10134,Pave,109000,OldTown,1940,5,6,TA
396,9571,Pave,129000,Edwards,1956,5,6,TA
397,7200,Pave,123000,CollgCr,1972,5,5,TA
398,7590,Pave,169500,NAmes,1962,5,5,TA
399,8967,Pave,67000,IDOTRR,1920,5,2,TA
400,8125,Pave,241000,Somerst,2006,7,5,Gd
401,14963,Pave,245500,Veenker,1996,8,5,Ex
402,8767,Pave,164990,CollgCr,2005,7,5,Gd
403,10200,Pave,108000,Sawyer,1940,5,8,TA
404,12090,Pave,258000,NoRidge,1998,8,5,Gd
405,10364,Pave,168000,Gilbert,1995,6,5,TA
406,9991,Pave,150000,Sawyer,1976,4,4,TA
407,10480,Pave,115000,SWISU,1936,6,5,TA
408,15576,Pave,177000,Crawfor,1915,6,7,TA
409,14154,Pave,280000,NridgHt,2006,7,5,Gd
410,10800,Pave,339750,Somerst,2007,8,5,Ex
411,9571,Pave,60000,Edwards,1958,5,3,TA
412,34650,Pave,145000,Gilbert,1955,5,5,TA
413,4403,Pave,222000,Somerst,2009,7,5,Gd
414,8960,Pave,115000,OldTown,1927,5,6,TA
415,11228,Pave,228000,SawyerW,1993,7,5,Gd
416,8899,Pave,181134,Gilbert,2007,7,5,Gd
417,7844,Pave,149500,Sawyer,1978,6,7,TA
418,22420,Pave,239000,Crawfor,1918,6,6,TA
419,8160,Pave,126000,Edwards,1940,5,6,TA
420,8450,Pave,142000,NAmes,1968,5,6,TA
421,7060,Pave,206300,Mitchel,1997,7,5,TA
422,16635,Pave,215000,NWAmes,1977,6,7,Gd
423,21750,Pave,113000,Mitchel,1954,5,5,TA
424,9200,Pave,315000,NoRidge,1998,8,5,Gd
425,9000,Pave,139000,NAmes,1956,6,5,TA
426,3378,Pave,135000,OldTown,1946,7,8,TA
427,12800,Pave,275000,SawyerW,1989,7,5,Gd
428,8593,Pave,109008,NAmes,1957,4,6,TA
429,6762,Pave,195400,CollgCr,2007,7,5,Gd
430,11457,Pave,175000,Timber,1988,6,5,Gd
431,1680,Pave,85400,BrDale,1971,6,5,TA
432,5586,Pave,79900,OldTown,1920,6,7,TA
433,1920,Pave,122500,BrDale,1971,5,5,TA
434,10839,Pave,181000,Gilbert,1997,6,5,TA
435,1890,Pave,81000,MeadowV,1972,4,7,TA
436,10667,Pave,212000,CollgCr,1996,7,6,Gd
437,4400,Pave,116000,OldTown,1920,6,8,TA
438,6000,Pave,119000,BrkSide,1926,6,7,TA
439,4280,Pave,90350,Crawfor,1913,5,6,Gd
440,12354,Pave,110000,Edwards,1920,6,8,Gd
441,15431,Pave,555000,NridgHt,2008,10,5,Ex
442,12108,Pave,118000,Edwards,1955,4,4,Fa
443,6240,Pave,162900,BrkSide,1930,5,7,TA
444,3922,Pave,172500,Blmngtn,2006,7,5,Gd
445,8750,Pave,210000,CollgCr,1994,7,5,Gd
446,9855,Pave,127500,Edwards,1956,6,5,TA
447,16492,Pave,190000,NAmes,1966,6,6,Gd
448,11214,Pave,199900,Gilbert,1998,7,5,Gd
449,8600,Pave,119500,IDOTRR,1937,6,6,TA
450,6000,Pave,120000,OldTown,1948,3,7,TA
451,5684,Pave,110000,OldTown,1930,6,8,Gd
452,70761,Pave,280000,ClearCr,1975,7,5,Gd
453,9303,Pave,204000,Timber,1996,6,5,TA
454,9000,Pave,210000,Somerst,2008,8,5,Gd
455,9297,Pave,188000,Mitchel,1976,5,5,TA
456,9600,Pave,175500,NWAmes,1973,7,6,TA
457,4571,Pave,98000,OldTown,1916,5,5,TA
458,53227,Pave,256000,ClearCr,1954,4,6,Gd
459,5100,Pave,161000,OldTown,1925,8,7,Gd
460,7015,Pave,110000,BrkSide,1950,5,4,Gd
461,8004,Pave,263435,Somerst,2009,8,5,TA
462,7200,Pave,155000,SWISU,1936,7,9,Gd
463,8281,Pave,62383,Sawyer,1965,5,5,TA
464,11988,Pave,188700,Crawfor,1934,6,7,TA
465,8430,Pave,124000,CollgCr,1978,5,5,TA
466,3072,Pave,178740,Blmngtn,2004,7,5,Gd
467,10628,Pave,167000,NAmes,1970,7,5,TA
468,9480,Pave,146500,NAmes,1942,5,7,Gd
469,11428,Pave,250000,NridgHt,2006,8,5,Gd
470,9291,Pave,187000,SawyerW,1993,6,5,Gd
471,6820,Pave,212000,StoneBr,1985,8,5,Gd
472,11952,Pave,190000,NWAmes,1977,7,6,TA
473,3675,Pave,148000,Edwards,2005,6,5,TA
474,14977,Pave,440000,NridgHt,2006,8,5,Gd
475,5330,Pave,251000,StoneBr,2000,8,5,Ex
476,8480,Pave,132500,Sawyer,1963,5,6,TA
477,13125,Pave,208900,CollgCr,1997,6,5,Gd
478,13693,Pave,380000,NridgHt,2006,9,5,Ex
479,10637,Pave,297000,CollgCr,2007,8,5,Gd
480,5925,Pave,89471,OldTown,1937,4,7,TA
481,16033,Pave,326000,NridgHt,2004,9,5,Gd
482,11846,Pave,374000,NridgHt,2003,9,5,Ex
483,2500,Pave,155000,OldTown,1915,7,8,Ex
484,4500,Pave,164000,Mitchel,1998,6,5,TA
485,7758,Pave,132500,Sawyer,1962,5,7,Gd
486,9600,Pave,147000,NAmes,1950,5,7,Gd
487,10289,Pave,156000,NAmes,1965,5,7,TA
488,12243,Pave,175000,NWAmes,1971,5,6,TA
489,10800,Pave,160000,OldTown,1900,5,4,TA
490,1526,Pave,86000,MeadowV,1970,4,8,Gd
491,2665,Pave,115000,MeadowV,1976,5,6,TA
492,9490,Pave,133000,NAmes,1941,6,7,Fa
493,15578,Pave,172785,Gilbert,2006,6,5,TA
494,7931,Pave,155000,NAmes,1960,5,6,TA
495,5784,Pave,91300,OldTown,1938,5,8,TA
496,7879,Pave,34900,IDOTRR,1920,4,5,TA
497,12692,Pave,430000,NoRidge,1992,8,5,Gd
498,9120,Pave,184000,BrkSide,1925,7,6,TA
499,7800,Pave,130000,Sawyer,1967,5,7,Gd
500,7535,Pave,120000,NAmes,1958,5,7,TA
501,1890,Pave,113000,BrDale,1973,6,5,TA
502,9803,Pave,226700,Somerst,2005,7,5,Gd
503,9170,Pave,140000,Edwards,1965,5,7,TA
504,15602,Pave,289000,Crawfor,1959,7,8,TA
505,2308,Pave,147000,NPkVill,1974,6,5,TA
506,7596,Pave,124500,OldTown,1952,5,5,TA
507,9554,Pave,215000,SawyerW,1993,8,5,Gd
508,7862,Pave,208300,Somerst,2009,6,5,Gd
509,9600,Pave,161000,OldTown,1928,7,9,Gd
510,9600,Pave,124500,NAmes,1959,5,6,TA
511,14559,Pave,164900,NAmes,1951,5,7,TA
512,6792,Pave,202665,NridgHt,2005,7,5,Gd
513,9100,Pave,129900,NAmes,1958,5,5,TA
514,9187,Pave,134000,Mitchel,1983,6,5,TA
515,10594,Pave,96500,Crawfor,1926,5,5,TA
516,12220,Pave,402861,NridgHt,2009,10,5,Ex
517,10448,Pave,158000,NWAmes,1972,6,6,TA
518,10208,Pave,265000,NoRidge,1996,7,5,Gd
519,9531,Pave,211000,CollgCr,1998,6,5,TA
520,10918,Pave,234000,Crawfor,1926,7,9,Gd
521,10800,Pave,106250,OldTown,1900,4,7,TA
522,11988,Pave,150000,NAmes,1957,6,6,TA
523,5000,Pave,159000,BrkSide,1947,6,7,TA
524,40094,Pave,184750,Edwards,2007,10,5,Ex
525,11787,Pave,315750,NoRidge,1996,7,5,Gd
526,7500,Pave,176000,Somerst,2005,7,5,Gd
527,13300,Pave,132000,NAmes,1956,5,7,TA
528,14948,Pave,446261,NridgHt,2008,9,5,Ex
529,9098,Pave,86000,Edwards,1920,4,7,TA
530,32668,Pave,200624,Crawfor,1957,6,3,TA
531,10200,Pave,175000,Timber,1988,6,5,Gd
532,6155,Pave,128000,BrkSide,1920,6,8,TA
533,7200,Pave,107500,NAmes,1955,5,7,TA
534,5000,Pave,39300,BrkSide,1946,1,3,Fa
535,9056,Pave,178000,Gilbert,2004,8,5,Gd
536,7000,Pave,107500,Edwards,1910,5,7,TA
537,8924,Pave,188000,CollgCr,1998,7,5,Gd
538,12735,Pave,111250,NAmes,1972,4,5,TA
539,11553,Pave,158000,Sawyer,1968,5,5,TA
540,11423,Pave,272000,CollgCr,2001,8,5,Gd
541,14601,Pave,315000,Timber,2006,9,5,Ex
542,11000,Pave,248000,NoRidge,2000,8,5,Gd
543,10140,Pave,213250,NWAmes,1998,7,5,Gd
544,4058,Pave,133000,NAmes,1998,7,5,TA
545,17104,Pave,179665,Gilbert,2006,7,5,Gd
546,13837,Pave,229000,NWAmes,1988,7,5,Gd
547,8737,Pave,210000,BrkSide,1923,6,7,TA
548,7244,Pave,129500,Mitchel,1970,5,7,TA
549,8235,Pave,125000,OldTown,1955,5,7,TA
550,9375,Pave,263000,Somerst,2003,7,5,Gd
551,4043,Pave,140000,NPkVill,1977,6,6,TA
552,6000,Pave,112500,OldTown,1957,5,6,TA
553,11146,Pave,255500,NridgHt,2006,8,5,Gd
554,8777,Pave,108000,Edwards,1949,4,5,Gd
555,10625,Pave,284000,NridgHt,2003,7,5,Gd
556,6380,Pave,113000,BrkSide,1922,5,6,TA
557,14850,Pave,141000,NAmes,1957,5,5,TA
558,11040,Pave,108000,IDOTRR,1920,4,6,TA
559,21872,Pave,175000,Gilbert,1996,7,5,TA
560,3196,Pave,234000,Blmngtn,2003,7,5,Gd
561,11341,Pave,121500,Sawyer,1957,5,6,TA
562,10010,Pave,170000,Mitchel,1974,5,5,TA
563,13907,Pave,108000,Edwards,1940,5,6,TA
564,21780,Pave,185000,Edwards,1918,6,7,TA
565,13346,Pave,268000,NoRidge,1992,7,5,Gd
566,6858,Pave,128000,SWISU,1915,6,4,Fa
567,11198,Pave,325000,StoneBr,2005,9,5,Ex
568,10171,Pave,214000,NridgHt,2004,7,5,Gd
569,12327,Pave,316600,SawyerW,1983,8,8,Gd
570,7032,Pave,135960,NAmes,1979,5,5,TA
571,13101,Pave,142600,NAmes,1965,5,5,TA
572,7332,Pave,120000,NAmes,1959,6,6,Gd
573,13159,Pave,224500,Timber,2009,7,5,Gd
574,9967,Pave,170000,Gilbert,2000,7,5,TA
575,10500,Pave,139000,NAmes,1971,5,7,TA
576,8480,Pave,118500,NAmes,1947,5,5,TA
577,6292,Pave,145000,SWISU,1928,7,7,TA
578,11777,Pave,164500,Sawyer,1966,5,6,TA
579,3604,Pave,146000,Somerst,2007,7,5,Gd
580,12150,Pave,131500,OldTown,1954,5,5,TA
581,14585,Pave,181900,NAmes,1960,6,6,Gd
582,12704,Pave,253293,NridgHt,2008,8,5,Ex
583,11841,Grvl,118500,Edwards,1990,6,5,TA
584,13500,Pave,325000,OldTown,1893,10,9,Gd
585,6120,Pave,133000,BrkSide,1935,4,7,Gd
586,11443,Pave,369900,Timber,2005,8,5,Gd
587,10267,Pave,130000,BrkSide,1918,6,7,Fa
588,8740,Pave,137000,Sawyer,1982,5,6,TA
589,25095,Pave,143000,ClearCr,1968,5,8,Ex
590,9100,Pave,79500,BrkSide,1930,5,6,TA
591,8320,Pave,185900,CollgCr,2004,7,5,Gd
592,13478,Pave,451950,NridgHt,2008,10,5,Ex
593,6600,Pave,138000,Mitchel,1982,5,8,TA
594,4435,Pave,140000,CollgCr,2003,6,5,Gd
595,7990,Pave,110000,CollgCr,1975,5,6,TA
596,11302,Pave,319000,StoneBr,2005,8,5,Gd
597,3600,Pave,114504,OldTown,1910,6,7,TA
598,3922,Pave,194201,Blmngtn,2006,7,5,Gd
599,12984,Pave,217500,Crawfor,1977,5,6,Gd
600,1950,Pave,151000,Blueste,1980,6,6,TA
601,10927,Pave,275000,NridgHt,2005,8,5,Ex
602,9000,Pave,141000,IDOTRR,1937,6,6,Gd
603,10041,Pave,220000,SawyerW,1992,8,5,Gd
604,3182,Pave,151000,Somerst,2004,7,5,Gd
605,12803,Pave,221000,CollgCr,2002,7,5,Gd
606,13600,Pave,205000,NAmes,1965,7,6,TA
607,12464,Pave,152000,CollgCr,1996,5,5,Gd
608,7800,Pave,225000,Edwards,1948,5,8,Ex
609,12168,Pave,359100,Crawfor,1934,8,6,TA
610,7943,Pave,118500,Sawyer,1961,4,5,TA
611,11050,Pave,313000,CollgCr,2000,9,5,Ex
612,10395,Pave,148000,NWAmes,1978,6,6,TA
613,11885,Pave,261500,CollgCr,2001,8,5,Ex
614,8402,Pave,147000,Mitchel,2007,5,5,TA
615,1491,Pave,75500,MeadowV,1972,4,6,TA
616,8800,Pave,137500,NAmes,1963,6,7,Gd
617,7861,Pave,183200,Gilbert,2002,6,5,Gd
618,7227,Pave,105500,NAmes,1954,6,6,Gd
619,11694,Pave,314813,NridgHt,2007,9,5,Gd
620,12244,Pave,305000,Timber,2003,8,5,Gd
621,8248,Pave,67000,Edwards,1914,3,3,TA
622,10800,Pave,240000,NWAmes,1974,6,7,TA
623,7064,Pave,135000,Sawyer,1977,5,6,TA
624,2117,Pave,168500,Somerst,2000,6,5,Gd
625,10400,Pave,165150,NWAmes,1972,6,5,TA
626,10000,Pave,160000,NAmes,1962,6,6,TA
627,12342,Pave,139900,NAmes,1960,5,5,TA
628,9600,Pave,153000,NAmes,1955,6,6,TA
629,11606,Pave,135000,NAmes,1969,5,5,Fa
630,9020,Pave,168500,NAmes,1964,6,5,TA
631,9000,Pave,124000,OldTown,1880,5,6,Ex
632,4590,Pave,209500,NridgHt,2006,8,5,Gd
633,11900,Pave,82500,NWAmes,1977,7,5,TA
634,9250,Pave,139400,NAmes,1954,5,7,TA
635,6979,Pave,144000,OldTown,1980,6,5,TA
636,10896,Pave,200000,SWISU,1914,6,7,Fa
637,6120,Pave,60000,BrkSide,1936,2,3,Fa
638,6000,Pave,93000,OldTown,1954,5,4,Gd
639,8777,Pave,85000,Edwards,1910,5,7,TA
640,3982,Pave,264561,Blmngtn,2006,8,5,Ex
641,12677,Pave,274000,NridgHt,2003,8,5,Ex
642,7050,Pave,226000,Somerst,2001,7,5,Gd
643,13860,Pave,345000,NAmes,1972,8,7,Ex
644,10793,Pave,152000,NWAmes,1969,5,5,TA
645,9187,Pave,370878,Somerst,2009,9,5,Ex
646,10530,Pave,143250,NAmes,1971,6,5,TA
647,7200,Pave,98300,NAmes,1950,5,5,TA
648,10452,Pave,155000,Edwards,1953,6,5,TA
649,7700,Pave,155000,NAmes,1966,6,5,TA
650,1936,Pave,84500,MeadowV,1970,4,6,TA
651,8125,Pave,205950,Somerst,2007,7,6,Gd
652,9084,Pave,108000,Edwards,1940,4,5,TA
653,8750,Pave,191000,CollgCr,1996,7,5,Gd
654,10320,Pave,135000,IDOTRR,1906,6,7,TA
655,10437,Pave,350000,NoRidge,1995,8,6,Gd
656,1680,Pave,88000,BrDale,1971,6,5,TA
657,10007,Pave,145500,NAmes,1959,5,7,Gd
658,7200,Pave,149000,Crawfor,1931,7,6,TA
659,17503,Pave,97500,NAmes,1948,6,5,TA
660,9937,Pave,167000,Edwards,1964,5,7,TA
661,12384,Pave,197900,NWAmes,1976,7,7,TA
662,46589,Pave,402000,NoRidge,1994,8,7,Gd
663,13560,Pave,110000,NAmes,1968,6,3,TA
664,10012,Pave,137500,Edwards,1972,4,5,TA
665,20896,Pave,423000,Somerst,2005,8,5,Ex
666,11194,Pave,230500,Gilbert,2000,8,5,Gd
667,18450,Pave,129000,NAmes,1965,6,5,TA
668,8125,Pave,193500,SawyerW,1994,6,5,Gd
669,14175,Pave,168000,Sawyer,1956,5,6,TA
670,11600,Pave,137500,Crawfor,1922,4,5,Fa
671,8633,Pave,173500,CollgCr,2005,6,5,Gd
672,6629,Pave,103600,Edwards,1925,6,6,TA
673,11250,Pave,165000,Veenker,1977,6,6,TA
674,14442,Pave,257500,Crawfor,1957,6,7,Gd
675,9200,Pave,140000,NAmes,1965,6,6,TA
676,2289,Pave,148500,NPkVill,1978,6,6,TA
677,9600,Pave,87000,OldTown,1900,4,2,TA
678,9022,Pave,109500,OldTown,1924,5,8,Gd
679,11844,Pave,372500,StoneBr,2008,8,5,Gd
680,9945,Pave,128500,Sawyer,1961,5,5,TA
681,8012,Pave,143000,SawyerW,1980,6,5,TA
682,4500,Pave,159434,SWISU,1932,5,5,TA
683,2887,Pave,173000,ClearCr,1996,6,5,Gd
684,11248,Pave,285000,CollgCr,2002,9,5,Gd
685,16770,Pave,221000,NoRidge,1998,7,5,TA
686,5062,Pave,207500,StoneBr,1984,7,5,Gd
687,10207,Pave,227875,Somerst,2007,7,6,Gd
688,5105,Pave,148800,Somerst,2004,7,5,Gd
689,8089,Pave,392000,StoneBr,2007,8,6,Gd
690,7577,Pave,194700,NridgHt,2005,6,5,Gd
691,4426,Pave,141000,CollgCr,2004,6,5,Gd
692,21535,Pave,755000,NoRidge,1994,10,6,Ex
693,26178,Pave,335000,Timber,1989,7,5,Gd
694,5400,Pave,108480,OldTown,1921,5,6,TA
695,6120,Pave,141500,BrkSide,1936,5,6,TA
696,13811,Pave,176000,Timber,1987,6,6,Gd
697,6000,Pave,89000,BrkSide,1921,5,7,TA
698,6420,Pave,123500,Edwards,1952,5,7,TA
699,8450,Pave,138500,Sawyer,1965,5,8,TA
700,4282,Pave,196000,Somerst,2004,7,5,Gd
701,14331,Pave,312500,Timber,2002,8,5,Gd
702,9600,Pave,140000,NWAmes,1969,7,5,TA
703,12438,Pave,361919,StoneBr,2006,8,5,Ex
704,7630,Pave,140000,OldTown,1900,5,9,Gd
705,8400,Pave,213000,CollgCr,2004,7,5,Gd
706,5600,Pave,55000,IDOTRR,1930,4,5,Fa
707,115149,Pave,302000,ClearCr,1971,7,5,Gd
708,6240,Pave,254000,NridgHt,2006,8,5,Gd
709,9018,Pave,179540,Gilbert,2007,7,5,Gd
710,7162,Pave,109900,Sawyer,1966,5,7,TA
711,4130,Pave,52000,BrkSide,1935,3,6,TA
712,8712,Pave,102776,IDOTRR,1900,4,7,TA
713,4671,Pave,189000,StoneBr,1988,8,5,Gd
714,9873,Pave,129000,BrkSide,1970,4,5,TA
715,13517,Pave,130500,Sawyer,1976,6,8,Gd
716,10140,Pave,165000,NWAmes,1974,6,5,TA
717,10800,Pave,159500,OldTown,1890,7,8,TA
718,10000,Pave,157000,NWAmes,1973,5,6,Gd
719,10542,Pave,341000,NoRidge,1993,7,5,Gd
720,9920,Pave,128500,CollgCr,1969,5,6,TA
721,6563,Pave,275000,StoneBr,1985,8,5,Gd
722,4426,Pave,143000,CollgCr,2004,6,5,Gd
723,8120,Pave,124500,NAmes,1970,4,7,TA
724,8172,Pave,135000,Edwards,1954,4,6,TA
725,13286,Pave,320000,Edwards,2007,9,5,Ex
726,6960,Pave,120500,NAmes,1970,4,6,Gd
727,21695,Pave,222000,Crawfor,1988,6,9,Gd
728,7314,Pave,194500,CollgCr,2007,7,5,Gd
729,11475,Pave,110000,NAmes,1958,5,5,TA
730,6240,Pave,103000,IDOTRR,1925,4,5,TA
731,5389,Pave,236500,StoneBr,1995,8,5,Gd
732,9590,Pave,187500,Timber,2003,7,5,Gd
733,11404,Pave,222500,CollgCr,1998,7,5,Gd
734,10000,Pave,131400,Sawyer,1961,5,6,TA
735,8978,Pave,108000,Sawyer,1968,5,5,TA
736,10800,Pave,163000,OldTown,1914,7,7,TA
737,8544,Pave,93500,NAmes,1950,3,4,TA
738,10463,Pave,239900,Gilbert,2005,8,5,Gd
739,10800,Pave,179000,Edwards,1987,5,5,TA
740,9313,Pave,190000,CollgCr,2004,7,5,Gd
741,9600,Pave,132000,OldTown,1910,5,7,TA
742,6768,Pave,142000,Sawyer,1961,6,8,Gd
743,8450,Pave,179000,SawyerW,2000,7,5,TA
744,12886,Pave,175000,Sawyer,1963,5,6,TA
745,5395,Pave,180000,StoneBr,1993,8,5,Gd
746,8963,Pave,299800,NWAmes,1976,8,9,Gd
747,8795,Pave,236000,Gilbert,2000,7,5,Gd
748,11700,Pave,265979,OldTown,1880,7,7,Gd
749,10593,Pave,260400,NoRidge,1996,7,5,Gd
750,8405,Pave,98000,Edwards,1945,4,3,TA
751,8800,Pave,96500,OldTown,1910,4,7,TA
752,7750,Pave,162000,Gilbert,2003,7,5,Gd
753,9236,Pave,217000,CollgCr,1997,6,5,Gd
754,10240,Pave,275500,NridgHt,2005,8,5,Ex
755,7930,Pave,156000,NAmes,1969,6,8,Gd
756,3230,Pave,172500,Somerst,1999,6,5,TA
757,10769,Pave,212000,CollgCr,2007,8,5,Gd
758,11616,Pave,158900,Sawyer,1978,6,5,TA
759,2280,Pave,179400,Somerst,1999,7,5,TA
760,12257,Pave,290000,NoRidge,1995,8,5,Gd
761,9100,Pave,127500,NAmes,1959,6,6,TA
762,6911,Pave,100000,BrkSide,1924,5,5,Fa
763,8640,Pave,215200,Somerst,2009,7,5,Gd
764,9430,Pave,337000,NoRidge,1999,8,5,Gd
765,9549,Pave,270000,Veenker,1995,8,5,Ex
766,14587,Pave,264132,Somerst,2008,9,5,Ex
767,10421,Pave,196500,NWAmes,1988,7,5,TA
768,12508,Pave,160000,Mitchel,1940,6,7,TA
769,9100,Pave,216837,CollgCr,2004,7,5,Gd
770,53504,Pave,538000,StoneBr,2003,8,5,Ex
771,7252,Pave,134900,Sawyer,1982,5,5,TA
772,8877,Pave,102000,Edwards,1951,4,5,TA
773,7819,Pave,107000,Edwards,1976,6,5,TA
774,10150,Pave,114500,NAmes,1958,5,5,TA
775,14226,Pave,395000,NridgHt,2006,8,5,Gd
776,4500,Pave,162000,Mitchel,1998,6,5,TA
777,11210,Pave,221500,CollgCr,2005,7,5,Gd
778,13350,Pave,142500,Sawyer,1974,5,5,TA
779,8400,Pave,144000,SawyerW,1977,5,5,TA
780,10530,Pave,135000,Mitchel,1977,6,5,TA
781,7875,Pave,176000,Gilbert,1995,7,5,TA
782,7153,Pave,175900,SawyerW,1992,6,5,Gd
783,16285,Pave,187100,CollgCr,2001,7,5,Gd
784,9101,Pave,165500,Mitchel,1978,5,6,Gd
785,6300,Pave,128000,OldTown,1914,6,6,TA
786,9790,Pave,161500,NWAmes,1967,6,5,TA
787,10800,Pave,139000,OldTown,1915,5,6,TA
788,10142,Pave,233000,SawyerW,2004,7,5,Gd
789,6000,Pave,107900,OldTown,1954,4,7,TA
790,12205,Pave,187500,ClearCr,1966,6,8,Gd
791,3182,Pave,160200,Blmngtn,2005,7,5,Gd
792,11333,Pave,146800,Mitchel,1976,6,5,TA
793,9920,Pave,269790,NoRidge,1996,7,5,TA
794,9158,Pave,225000,Somerst,2007,8,5,Gd
795,10832,Pave,194500,Gilbert,1994,7,5,Gd
796,8400,Pave,171000,SawyerW,1980,6,6,TA
797,8197,Pave,143500,Sawyer,1977,6,5,TA
798,7677,Pave,110000,NAmes,1953,5,5,TA
799,13518,Pave,485000,NridgHt,2008,9,5,Ex
800,7200,Pave,175000,SWISU,1937,5,7,Gd
801,12798,Pave,200000,ClearCr,1997,6,5,Gd
802,4800,Pave,109900,IDOTRR,1916,4,7,TA
803,8199,Pave,189000,CollgCr,2005,7,5,Gd
804,13891,Pave,582933,NridgHt,2008,9,5,Ex
805,9000,Pave,118000,NAmes,1954,5,5,TA
806,12274,Pave,227680,Somerst,2008,7,5,Ex
807,9750,Pave,135500,NAmes,1967,5,5,TA
808,21384,Pave,223500,BrkSide,1923,5,6,Gd
809,13400,Pave,159950,NAmes,1966,5,5,TA
810,8100,Pave,106000,OldTown,1898,5,5,TA
811,10140,Pave,181000,NWAmes,1974,6,6,Gd
812,4438,Pave,144500,CollgCr,2004,6,5,Gd
813,8712,Grvl,55993,IDOTRR,1952,5,5,Fa
814,9750,Pave,157900,NAmes,1958,6,6,TA
815,8248,Pave,116000,Edwards,1918,5,7,Fa
816,12137,Pave,224900,CollgCr,1998,7,5,Gd
817,11425,Pave,137000,NAmes,1954,5,6,TA
818,13265,Pave,271000,Mitchel,2002,8,5,Gd
819,8816,Pave,155000,ClearCr,1971,6,7,TA
820,6371,Pave,224000,NridgHt,2009,7,5,Gd
821,7226,Pave,183000,CollgCr,2003,7,5,Gd
822,6000,Pave,93000,OldTown,1953,4,4,TA
823,12394,Pave,225000,Gilbert,2003,7,5,Gd
824,9900,Pave,139500,SWISU,1940,6,7,TA
825,11216,Pave,232600,Somerst,2006,8,5,Gd
826,14803,Pave,385000,NridgHt,2007,10,5,Ex
827,6130,Pave,109500,BrkSide,1924,5,6,Gd
828,8529,Pave,189000,SawyerW,2001,7,5,Gd
829,28698,Pave,185000,ClearCr,1967,5,5,TA
830,2544,Pave,147400,Somerst,2005,7,5,Gd
831,11900,Pave,166000,NAmes,1957,6,5,TA
832,3180,Pave,151000,Somerst,2005,7,5,Gd
833,9548,Pave,237000,CollgCr,2003,7,6,Gd
834,10004,Pave,167000,NAmes,1964,6,6,TA
835,7875,Pave,139950,NAmes,1961,5,6,TA
836,9600,Pave,128000,Sawyer,1950,4,7,Gd
837,8100,Pave,153500,OldTown,1948,5,6,TA
838,1680,Pave,100000,BrDale,1973,6,5,TA
839,9525,Pave,144000,CollgCr,1995,5,6,Gd
840,11767,Pave,130500,Edwards,1946,5,6,TA
841,12155,Pave,140000,SWISU,1925,6,8,Fa
842,10440,Pave,157500,OldTown,1904,5,8,Gd
843,9020,Pave,174900,NAmes,1966,6,7,TA
844,8000,Pave,141000,NAmes,1961,5,4,TA
845,12665,Pave,153900,OldTown,1915,5,8,TA
846,16647,Pave,171000,Sawyer,1975,5,5,TA
847,9317,Pave,213000,SawyerW,1993,7,5,Gd
848,15523,Pave,133500,CollgCr,1972,5,6,TA
849,45600,Pave,240000,ClearCr,1908,6,8,TA
850,9600,Pave,187000,Veenker,1976,6,7,TA
851,4435,Pave,131500,CollgCr,2003,6,5,Gd
852,3196,Pave,215000,Blmngtn,2003,8,5,Gd
853,7128,Pave,164000,Crawfor,1941,7,5,TA
854,12095,Pave,158000,NAmes,1964,6,6,TA
855,17920,Pave,170000,Sawyer,1955,5,4,TA
856,6897,Pave,127000,Sawyer,1962,5,8,TA
857,10970,Pave,147000,CollgCr,1978,6,6,TA
858,8125,Pave,174000,Gilbert,1994,6,5,TA
859,10400,Pave,152000,NWAmes,1976,7,5,TA
860,11029,Pave,250000,NWAmes,1968,6,7,Gd
861,7642,Pave,189950,Crawfor,1918,7,8,Gd
862,11625,Pave,131500,Sawyer,1965,5,4,TA
863,9672,Pave,152000,SawyerW,1984,6,5,TA
864,7931,Pave,132500,NAmes,1959,5,5,TA
865,8640,Pave,250580,Somerst,2007,7,5,Gd
866,8750,Pave,148500,NAmes,1970,5,6,TA
867,10656,Pave,248900,Timber,2006,8,5,Gd
868,6970,Pave,129000,Sawyer,1961,4,5,Fa
869,14762,Pave,169000,Gilbert,1948,5,6,TA
870,9938,Pave,236000,SawyerW,1993,7,5,Gd
871,6600,Pave,109500,NAmes,1962,5,5,TA
872,8750,Pave,200500,CollgCr,1998,6,5,Gd
873,8892,Pave,116000,NAmes,1953,5,7,Gd
874,12144,Pave,133000,NAmes,1949,5,7,TA
875,5720,Pave,66500,OldTown,1941,5,6,TA
876,9000,Pave,303477,Somerst,2007,8,5,Ex
877,25286,Pave,132250,Mitchel,1963,4,5,TA
878,8834,Pave,350000,NridgHt,2004,9,5,Ex
879,11782,Pave,148000,Sawyer,1961,5,7,Gd
880,7000,Pave,136500,CollgCr,1978,5,8,TA
881,7024,Pave,157000,Edwards,2005,5,5,TA
882,13758,Pave,187500,Timber,1990,7,5,Gd
883,9636,Pave,178000,Gilbert,1992,6,5,TA
884,6204,Pave,118500,SWISU,1912,4,5,TA
885,7150,Pave,100000,NAmes,1967,5,5,TA
886,5119,Pave,328900,Somerst,1999,9,5,Gd
887,8393,Pave,145000,NAmes,1959,5,5,TA
888,16466,Pave,135500,Edwards,1955,5,7,TA
889,15865,Pave,268000,NAmes,1970,8,6,Gd
890,12160,Pave,149500,NAmes,1953,6,4,TA
891,8064,Pave,122900,NAmes,1949,5,7,TA
892,11184,Pave,172500,Sawyer,1978,6,5,TA
893,8414,Pave,154500,Sawyer,1963,6,8,TA
894,13284,Pave,165000,Sawyer,1954,5,5,TA
895,7018,Pave,118858,SawyerW,1979,5,5,TA
896,7056,Pave,140000,NAmes,1963,6,5,TA
897,8765,Pave,106500,IDOTRR,1936,4,6,TA
898,7018,Pave,142953,SawyerW,1979,5,5,TA
899,12919,Pave,611657,NridgHt,2009,9,5,Ex
900,6993,Pave,135000,Sawyer,1961,5,7,TA
901,7340,Pave,110000,NAmes,1971,4,6,TA
902,8712,Pave,153000,NAmes,1957,5,7,TA
903,7875,Pave,180000,Gilbert,2003,7,5,Gd
904,14859,Pave,240000,Gilbert,2006,7,5,Gd
905,6173,Pave,125500,Sawyer,1967,5,6,TA
906,9920,Pave,128000,NAmes,1954,5,5,TA
907,13501,Pave,255000,Somerst,2006,8,5,Gd
908,11500,Pave,250000,Crawfor,1936,7,7,Gd
909,8885,Pave,131000,Mitchel,1983,5,5,TA
910,12589,Pave,174000,Gilbert,2005,6,5,Gd
911,11600,Pave,154300,NAmes,1960,5,5,TA
912,9286,Pave,143500,CollgCr,1977,5,7,Gd
913,6120,Pave,88000,BrkSide,1925,5,7,TA
914,6270,Pave,145000,Crawfor,1949,5,6,TA
915,3000,Pave,173733,Somerst,2009,6,5,Gd
916,2001,Pave,75000,MeadowV,1970,4,5,TA
917,9000,Pave,35311,IDOTRR,1949,2,3,TA
918,17140,Pave,135000,Edwards,1956,4,6,TA
919,13125,Pave,238000,SawyerW,1991,7,5,Gd
920,11029,Pave,176500,NAmes,1958,6,8,TA
921,8462,Pave,201000,SawyerW,1994,6,5,Gd
922,8777,Pave,145900,Edwards,1900,5,7,TA
923,10237,Pave,169990,Gilbert,2005,6,5,Gd
924,8012,Pave,193000,SawyerW,1993,6,5,Gd
925,10240,Pave,207500,NWAmes,1980,6,6,TA
926,15611,Pave,175000,NWAmes,1977,5,6,Ex
927,11999,Pave,285000,NridgHt,2003,8,5,Ex
928,9900,Pave,176000,NWAmes,1968,7,5,TA
929,11838,Pave,236500,CollgCr,2001,8,5,Ex
930,13006,Pave,222000,Gilbert,1997,7,5,Gd
931,8925,Pave,201000,Timber,2007,8,5,Gd
932,9100,Pave,117500,NAmes,1965,5,6,TA
933,11670,Pave,320000,Somerst,2006,9,5,Ex
934,8487,Pave,190000,CollgCr,2004,7,5,Gd
935,27650,Pave,242000,NAmes,1960,7,7,Gd
936,5825,Pave,79900,BrkSide,1926,4,5,TA
937,10083,Pave,184900,SawyerW,2003,7,5,Gd
938,9675,Pave,253000,Somerst,2005,7,5,Gd
939,8760,Pave,239799,CollgCr,2006,7,5,Gd
940,24090,Pave,244400,ClearCr,1940,7,7,TA
941,12640,Pave,150900,Mitchel,1976,6,5,TA
942,8755,Pave,214000,Gilbert,1999,7,5,Gd
943,7711,Pave,150000,Edwards,1977,4,3,TA
944,25000,Pave,143000,Mitchel,1967,5,4,TA
945,14375,Pave,137500,Timber,1958,6,6,Gd
946,8820,Pave,124900,OldTown,1890,5,6,TA
947,8163,Pave,143000,NAmes,1959,5,6,TA
948,14536,Pave,270000,Timber,2002,8,5,Gd
949,14006,Pave,192500,CollgCr,2002,7,5,Gd
950,9360,Pave,197500,NWAmes,1972,6,7,Gd
951,7200,Pave,129000,NAmes,1950,5,8,Gd
952,7800,Pave,119900,SawyerW,1965,5,5,TA
953,7200,Pave,133900,CollgCr,1972,5,8,TA
954,11075,Pave,172000,Mitchel,1969,5,4,TA
955,9400,Pave,127500,Edwards,1975,6,5,TA
956,7136,Pave,145000,Crawfor,1946,6,6,TA
957,1300,Pave,124000,Blueste,1980,6,6,TA
958,7420,Pave,132000,Sawyer,1962,5,5,TA
959,8450,Pave,185000,CollgCr,2003,7,5,Gd
960,2572,Pave,155000,Somerst,1999,7,5,Gd
961,7207,Pave,116500,BrkSide,1958,5,7,TA
962,12227,Pave,272000,NWAmes,1977,6,7,TA
963,2308,Pave,155000,NPkVill,1976,6,6,Gd
964,11923,Pave,239000,CollgCr,2007,9,5,Ex
965,11316,Pave,214900,Timber,2002,7,5,Gd
966,10237,Pave,178900,Gilbert,2005,6,5,Gd
967,9600,Pave,160000,Crawfor,1940,5,7,TA
968,7390,Pave,135000,NAmes,1955,5,7,TA
969,5925,Pave,37900,OldTown,1910,3,6,TA
970,10382,Pave,140000,NAmes,1958,6,5,TA
971,10800,Pave,135000,NAmes,1949,4,4,TA
972,2268,Pave,173000,NridgHt,2003,7,5,Gd
973,7892,Pave,99500,SawyerW,1979,6,5,TA
974,11639,Pave,182000,Somerst,2007,7,5,Gd
975,11414,Pave,167500,BrkSide,1910,7,8,Gd
976,2651,Pave,165000,Somerst,2000,7,5,Gd
977,5900,Pave,85500,BrkSide,1923,4,7,Fa
978,4274,Pave,199900,Somerst,2006,7,5,Gd
979,9450,Pave,110000,Edwards,1954,4,5,TA
980,8816,Pave,139000,Sawyer,1963,5,6,TA
981,12122,Pave,178400,NAmes,1961,7,9,Ex
982,12203,Pave,336000,NoRidge,1998,8,5,Gd
983,3182,Pave,159895,Blmngtn,2007,7,5,Gd
984,11250,Pave,255900,CollgCr,2002,8,5,Gd
985,10125,Pave,126000,Mitchel,1977,5,5,Gd
986,10880,Pave,125000,Edwards,1950,5,5,TA
987,5310,Pave,117000,OldTown,1910,6,8,Gd
988,10159,Pave,395192,NridgHt,2009,9,5,Ex
989,12046,Pave,195000,NWAmes,1976,6,6,Gd
990,8125,Pave,197000,Somerst,2006,7,5,Gd
991,9452,Pave,348000,NoRidge,1997,8,5,Gd
992,17671,Pave,168000,OldTown,1882,8,9,Gd
993,9760,Pave,187000,NAmes,1964,6,8,Gd
994,8846,Pave,173900,CollgCr,2005,6,5,Gd
995,12456,Pave,337500,NridgHt,2006,10,5,Ex
996,4712,Pave,121600,BrkSide,1946,4,7,TA
997,10659,Pave,136500,NAmes,1961,5,6,TA
998,11717,Pave,185000,NWAmes,1970,6,6,TA
999,9786,Pave,91000,IDOTRR,1922,3,4,TA
1000,6762,Pave,206000,CollgCr,2006,7,5,Gd
1001,10206,Pave,82000,Edwards,1952,3,3,Fa
1002,5400,Pave,86000,OldTown,1920,5,6,Ex
1003,11957,Pave,232000,Somerst,2006,8,5,Gd
1004,11500,Pave,136905,NWAmes,1976,5,6,TA
1005,3182,Pave,181000,Blmngtn,2005,7,5,Gd
1006,8385,Pave,149900,CollgCr,1977,5,8,TA
1007,12155,Pave,163500,NAmes,1970,6,3,TA
1008,2217,Pave,88000,MeadowV,1970,4,4,TA
1009,12118,Pave,240000,Mitchel,2004,7,5,Gd
1010,6000,Pave,102000,SWISU,1926,5,5,TA
1011,21286,Pave,135000,Sawyer,1948,5,5,TA
1012,9825,Pave,100000,Edwards,1965,5,5,TA
1013,10592,Pave,165000,Crawfor,1923,6,7,Gd
1014,7200,Pave,85000,OldTown,1910,5,4,TA
1015,11664,Pave,119200,NAmes,1948,6,5,TA
1016,8400,Pave,227000,NWAmes,2001,8,6,Gd
1017,11883,Pave,203000,CollgCr,1996,7,5,Gd
1018,5814,Pave,187500,StoneBr,1984,8,5,Gd
1019,10784,Pave,160000,Gilbert,1991,7,5,Gd
1020,3013,Pave,213490,Blmngtn,2005,7,5,Gd
1021,7024,Pave,176000,Edwards,2005,4,5,Gd
1022,7406,Pave,194000,CollgCr,2006,7,5,Gd
1023,9439,Pave,87000,OldTown,1930,5,5,TA
1024,3182,Pave,191000,Blmngtn,2005,7,5,Gd
1025,15498,Pave,287000,Timber,1976,8,6,Gd
1026,7700,Pave,112500,CollgCr,1972,5,5,TA
1027,9300,Pave,167500,NAmes,1960,5,5,TA
1028,9520,Pave,293077,Timber,2007,8,5,Gd
1029,9492,Pave,105000,NAmes,1941,5,5,TA
1030,1680,Pave,118000,BrDale,1972,6,7,TA
1031,7082,Pave,160000,SWISU,1916,5,8,TA
1032,15863,Pave,197000,SWISU,1920,7,3,TA
1033,14541,Pave,310000,NoRidge,1993,8,7,Gd
1034,8125,Pave,230000,CollgCr,2002,7,5,Gd
1035,6305,Pave,119750,Crawfor,1938,5,7,Fa
1036,11500,Pave,84000,Edwards,1957,4,3,TA
1037,12898,Pave,315500,Timber,2007,9,5,Ex
1038,9240,Pave,287000,CollgCr,2001,8,5,Gd
1039,1533,Pave,97000,MeadowV,1970,4,6,TA
1040,1477,Pave,80000,MeadowV,1970,4,4,TA
1041,13125,Pave,155000,Sawyer,1957,5,4,TA
1042,9130,Pave,173000,NWAmes,1966,6,8,Gd
1043,5381,Pave,196000,NridgHt,2005,6,5,Gd
1044,11839,Pave,262280,SawyerW,1990,7,5,Gd
1045,9600,Pave,278000,NWAmes,1981,8,5,Gd
1046,13680,Pave,139600,Edwards,1955,3,5,TA
1047,16056,Pave,556581,StoneBr,2005,9,5,Ex
1048,9245,Pave,145000,CollgCr,1994,5,5,TA
1049,21750,Pave,115000,Mitchel,1960,5,4,TA
1050,11100,Pave,84900,Edwards,1946,4,7,Gd
1051,8993,Pave,176485,Gilbert,2007,7,5,Gd
1052,11175,Pave,200141,CollgCr,2007,7,5,Gd
1053,9500,Pave,165000,NAmes,1964,6,6,TA
1054,8562,Pave,144500,Edwards,1957,5,6,TA
1055,11367,Pave,255000,CollgCr,2002,8,5,Gd
1056,11361,Pave,180000,NWAmes,1976,6,5,TA
1057,7052,Pave,185850,NridgHt,2005,7,5,Gd
1058,29959,Pave,248000,NoRidge,1994,7,6,Gd
1059,11308,Pave,335000,NridgHt,2008,9,5,Ex
1060,11275,Pave,220000,Crawfor,1932,6,7,TA
1061,4920,Pave,213500,StoneBr,2001,8,5,Gd
1062,18000,Grvl,81000,IDOTRR,1935,3,4,TA
1063,13600,Pave,90000,OldTown,1900,5,5,TA
1064,6000,Pave,110500,OldTown,1925,6,6,Gd
1065,11000,Pave,154000,NAmes,1966,5,6,TA
1066,14000,Pave,328000,ClearCr,1996,7,5,Gd
1067,7837,Pave,178000,Gilbert,1993,6,7,TA
1068,9760,Pave,167900,NAmes,1964,6,6,TA
1069,3964,Pave,151400,MeadowV,1973,6,4,TA
1070,9600,Pave,135000,NAmes,1949,5,7,Gd
1071,10152,Pave,135000,NAmes,1956,5,5,TA
1072,11700,Pave,154000,NWAmes,1968,6,6,TA
1073,7585,Pave,91500,Edwards,1948,5,3,TA
1074,7950,Pave,159500,Edwards,1977,6,6,TA
1075,8556,Pave,194000,CollgCr,2006,7,5,Gd
1076,13125,Pave,219500,Crawfor,1940,7,6,TA
1077,10800,Pave,170000,OldTown,1936,5,8,Gd
1078,15870,Pave,138800,NAmes,1969,5,5,TA
1079,4435,Pave,155900,CollgCr,2004,6,5,Gd
1080,8775,Pave,126000,CollgCr,1994,5,5,TA
1081,11040,Pave,145000,NWAmes,1971,6,7,Gd
1082,7500,Pave,133000,Sawyer,1963,5,5,TA
1083,8749,Pave,192000,CollgCr,2002,7,5,Gd
1084,8800,Pave,160000,NAmes,1964,6,6,TA
1085,13031,Pave,187500,Gilbert,1995,6,5,TA
1086,9069,Pave,147000,SawyerW,1992,6,6,Gd
1087,1974,Pave,83500,MeadowV,1973,4,5,TA
1088,10574,Pave,252000,Somerst,2005,8,5,Gd
1089,2522,Pave,137500,Edwards,2004,7,5,Gd
1090,3316,Pave,197000,Somerst,2005,8,5,Gd
1091,8544,Pave,92900,NAmes,1950,3,4,TA
1092,2160,Pave,160000,Somerst,1999,7,5,Gd
1093,8400,Pave,136500,SWISU,1925,6,5,TA
1094,9230,Pave,146000,NAmes,1965,5,8,Gd
1095,5868,Pave,129000,NAmes,1956,5,7,TA
1096,9317,Pave,176432,CollgCr,2006,6,5,Gd
1097,6882,Pave,127000,IDOTRR,1914,6,7,Gd
1098,3696,Pave,170000,StoneBr,1986,8,5,Gd
1099,6000,Pave,128000,BrkSide,1936,4,6,TA
1100,11880,Pave,157000,NWAmes,1978,7,5,TA
1101,8400,Pave,60000,SWISU,1920,2,5,Fa
1102,9758,Pave,119500,NAmes,1971,5,5,TA
1103,7000,Pave,135000,NAmes,1960,5,7,TA
1104,8910,Pave,159500,NAmes,1959,6,6,TA
1105,2016,Pave,106000,BrDale,1970,5,5,TA
1106,12256,Pave,325000,NoRidge,1994,8,5,Gd
1107,10357,Pave,179900,SawyerW,1990,7,5,Gd
1108,23257,Pave,274725,Gilbert,2006,7,5,Gd
1109,8063,Pave,181000,Gilbert,2000,6,5,TA
1110,11362,Pave,280000,NridgHt,2004,8,5,Gd
1111,8000,Pave,188000,Gilbert,1995,6,5,TA
1112,10480,Pave,205000,NWAmes,1976,7,6,TA
1113,7100,Pave,129900,NAmes,1957,5,7,TA
1114,8923,Pave,134500,NAmes,1953,5,7,Gd
1115,5400,Pave,117000,OldTown,1954,5,7,Gd
1116,12085,Pave,318000,NridgHt,2007,8,5,Ex
1117,7750,Pave,184100,Gilbert,2002,8,5,Gd
1118,9764,Pave,130000,Sawyer,1967,5,7,Gd
1119,13825,Pave,140000,Sawyer,1958,5,6,TA
1120,7560,Pave,133700,NAmes,1959,5,5,TA
1121,8263,Pave,118400,IDOTRR,1920,6,5,TA
1122,10084,Pave,212900,CollgCr,2005,7,5,Gd
1123,8926,Pave,112000,Edwards,1956,4,3,TA
1124,9405,Pave,118000,Edwards,1947,5,9,TA
1125,9125,Pave,163900,Gilbert,1992,7,5,Gd
1126,10434,Pave,115000,NAmes,1955,4,5,Fa
1127,3684,Pave,174000,Blmngtn,2007,7,5,Gd
1128,14572,Pave,259000,Gilbert,2004,7,5,Gd
1129,11796,Pave,215000,Gilbert,2004,7,5,Gd
1130,7200,Pave,140000,OldTown,1980,5,5,TA
1131,7804,Pave,135000,SWISU,1928,4,3,Gd
1132,10712,Pave,93500,Mitchel,1991,5,5,TA
1133,9900,Pave,117500,OldTown,1880,6,4,Fa
1134,9828,Pave,239500,SawyerW,1995,8,5,Gd
1135,8773,Pave,169000,Gilbert,1997,6,5,TA
1136,6180,Pave,102000,BrkSide,1926,6,5,TA
1137,9600,Pave,119000,NAmes,1950,6,5,TA
1138,6342,Pave,94000,Sawyer,1875,5,8,TA
1139,9819,Pave,196000,Mitchel,1977,6,5,Gd
1140,8731,Pave,144000,BrkSide,1920,5,5,TA
1141,7350,Pave,139000,NAmes,1951,5,7,TA
1142,10304,Pave,197500,NWAmes,1976,5,7,Gd
1143,9965,Pave,424870,CollgCr,2006,8,5,Gd
1144,9000,Pave,80000,Sawyer,1959,5,3,TA
1145,12180,Pave,80000,Edwards,1941,4,4,Fa
1146,6240,Pave,149000,BrkSide,1928,5,6,TA
1147,11200,Pave,180000,SawyerW,1985,6,5,Gd
1148,12000,Pave,174500,Crawfor,1941,7,7,Fa
1149,5700,Pave,116900,OldTown,1926,7,7,TA
1150,9000,Pave,143000,OldTown,1920,7,9,TA
1151,8280,Pave,124000,NAmes,1950,6,5,Gd
1152,17755,Pave,149900,Edwards,1959,5,4,Fa
1153,14115,Pave,230000,Crawfor,1956,6,7,Ex
1154,5890,Pave,120500,IDOTRR,1930,6,8,TA
1155,13700,Pave,201800,NAmes,1965,7,6,Gd
1156,10768,Pave,218000,Veenker,1976,5,8,Gd
1157,9350,Pave,179900,NAmes,1965,5,8,Gd
1158,5001,Pave,230000,NridgHt,2007,7,5,Gd
1159,11932,Pave,235128,Somerst,2007,8,5,Gd
1160,9120,Pave,185000,NWAmes,1974,6,6,Gd
1161,2280,Pave,146000,NPkVill,1978,6,5,TA
1162,14778,Pave,224000,Crawfor,1954,6,7,Gd
1163,8724,Pave,129000,Sawyer,1968,5,5,TA
1164,12900,Pave,108959,Sawyer,1969,4,4,TA
1165,16157,Pave,194000,Veenker,1978,5,7,Gd
1166,9541,Pave,233170,NridgHt,2009,7,5,Gd
1167,10475,Pave,245350,CollgCr,2008,8,5,Gd
1168,10852,Pave,173000,Gilbert,2000,6,5,TA
1169,13728,Pave,235000,Edwards,1935,6,7,Gd
1170,35760,Pave,625000,NoRidge,1995,10,5,Gd
1171,9880,Pave,171000,Mitchel,1977,6,6,TA
1172,9120,Pave,163000,NAmes,1958,6,6,TA
1173,4017,Pave,171900,Somerst,2006,7,5,Gd
1174,18030,Pave,200500,ClearCr,1946,5,6,Ex
1175,16560,Pave,239000,Crawfor,1932,6,8,TA
1176,10678,Pave,285000,NoRidge,1992,8,5,Gd
1177,6951,Pave,119500,Mitchel,1984,5,5,TA
1178,3950,Pave,115000,OldTown,1926,6,8,TA
1179,7681,Pave,154900,Crawfor,1921,5,6,TA
1180,8335,Pave,93000,Edwards,1954,5,5,TA
1181,11170,Pave,250000,Timber,1990,7,5,TA
1182,5587,Pave,392500,Crawfor,2008,8,5,Gd
1183,15623,Pave,745000,NoRidge,1996,10,5,Ex
1184,10800,Pave,120000,OldTown,1920,5,6,TA
1185,35133,Grvl,186700,Timber,1963,5,4,TA
1186,9738,Pave,104900,Edwards,1924,5,7,TA
1187,10615,Pave,95000,OldTown,1900,3,5,TA
1188,12461,Pave,262000,NoRidge,1994,8,5,Gd
1189,8935,Pave,195000,CollgCr,2002,7,5,Gd
1190,7500,Pave,189000,Gilbert,1999,7,5,Gd
1191,32463,Pave,168000,Mitchel,1961,4,4,TA
1192,2645,Pave,174000,Somerst,1999,8,5,Gd
1193,9600,Pave,125000,OldTown,1925,5,8,Gd
1194,4500,Pave,165000,Mitchel,1999,6,5,TA
1195,9364,Pave,158000,Sawyer,1969,6,7,TA
1196,8029,Pave,176000,Gilbert,2005,6,5,Gd
1197,14054,Pave,219210,Gilbert,2006,7,5,Gd
1198,8850,Pave,144000,OldTown,1916,7,6,TA
1199,9100,Pave,178000,CollgCr,2001,7,5,Gd
1200,11235,Pave,148000,Sawyer,1963,4,5,TA
1201,9353,Pave,116050,NAmes,1970,4,5,TA
1202,10400,Pave,197900,CollgCr,1998,7,5,Gd
1203,6000,Pave,117000,BrkSide,1925,5,8,TA
1204,9750,Pave,213000,CollgCr,2000,7,5,Gd
1205,10140,Pave,153500,NWAmes,1975,5,6,TA
1206,14684,Pave,271900,SawyerW,1990,7,7,Gd
1207,8900,Pave,107000,SawyerW,1966,4,4,TA
1208,9135,Pave,200000,CollgCr,2003,6,5,Gd
1209,7763,Pave,140000,NAmes,1962,5,7,TA
1210,10182,Pave,290000,Somerst,2006,8,5,Gd
1211,11218,Pave,189000,SawyerW,1992,6,5,Gd
1212,12134,Pave,164000,Gilbert,1988,8,7,TA
1213,9340,Pave,113000,Edwards,1941,4,6,TA
1214,10246,Pave,145000,Sawyer,1965,4,9,TA
1215,10205,Pave,134500,NAmes,1962,5,5,TA
1216,7094,Pave,125000,Sawyer,1966,5,5,TA
1217,8930,Pave,112000,Sawyer,1978,6,5,TA
1218,8640,Pave,229456,Somerst,2009,8,5,Gd
1219,6240,Pave,80500,BrkSide,1947,4,5,TA
1220,1680,Pave,91500,BrDale,1971,6,5,TA
1221,7800,Pave,115000,NAmes,1964,5,5,TA
1222,8250,Pave,134000,Sawyer,1968,5,5,TA
1223,10496,Pave,143000,NAmes,1949,6,6,TA
1224,10680,Pave,137900,NAmes,1951,5,3,TA
1225,15384,Pave,184000,Gilbert,2004,7,5,Gd
1226,10482,Pave,145000,NAmes,1958,6,8,TA
1227,14598,Pave,214000,Somerst,2007,6,5,Gd
1228,8872,Pave,147000,NAmes,1965,5,8,Gd
1229,8769,Pave,367294,NridgHt,2008,9,5,Ex
1230,7910,Pave,127000,NAmes,1960,5,5,TA
1231,18890,Pave,190000,Sawyer,1977,5,5,TA
1232,7728,Pave,132500,NAmes,1962,5,6,TA
1233,9842,Pave,101800,NAmes,1962,4,5,TA
1234,12160,Pave,142000,NAmes,1959,5,5,TA
1235,8525,Pave,130000,SWISU,1911,5,6,TA
1236,13132,Pave,138887,Crawfor,1914,5,5,TA
1237,2628,Pave,175500,NridgHt,2003,7,5,Gd
1238,12393,Pave,195000,CollgCr,2004,7,5,Gd
1239,13072,Pave,142500,SawyerW,2005,6,5,TA
1240,9037,Pave,265900,Timber,2006,8,5,Ex
1241,8158,Pave,224900,CollgCr,2003,7,5,Gd
1242,9849,Pave,248328,Somerst,2007,7,6,Gd
1243,10625,Pave,170000,NWAmes,1974,7,6,Gd
1244,13891,Pave,465000,NridgHt,2006,10,5,Ex
1245,11435,Pave,230000,Crawfor,1929,8,7,Gd
1246,12090,Pave,178000,NWAmes,1984,6,7,TA
1247,8125,Pave,186500,Somerst,2005,7,5,Gd
1248,12328,Pave,169900,Mitchel,1976,6,5,TA
1249,9600,Pave,129500,OldTown,1917,6,5,TA
1250,7200,Pave,119000,NAmes,1950,5,7,TA
1251,11160,Pave,244000,NAmes,1968,7,5,Ex
1252,3136,Pave,171750,NridgHt,2003,7,5,Gd
1253,9858,Pave,130000,Mitchel,1968,5,6,TA
1254,17542,Pave,294000,Veenker,1974,7,7,Gd
1255,6931,Pave,165400,Edwards,2003,7,5,Gd
1256,6240,Pave,127500,BrkSide,1931,6,6,TA
1257,14303,Pave,301500,NoRidge,1994,8,5,Gd
1258,4060,Pave,99900,Edwards,1922,5,8,TA
1259,9587,Pave,190000,Gilbert,2005,7,5,Gd
1260,9750,Pave,151000,NAmes,1969,6,8,TA
1261,24682,Pave,181000,Gilbert,1999,6,5,TA
1262,9600,Pave,128900,NAmes,1956,5,6,TA
1263,11250,Pave,161500,ClearCr,1957,4,5,TA
1264,13515,Pave,180500,BrkSide,1919,6,6,TA
1265,4060,Pave,181000,NAmes,1998,6,5,Gd
1266,3735,Pave,183900,Somerst,1999,7,5,Gd
1267,10120,Pave,122000,OldTown,1910,7,4,TA
1268,13214,Pave,378500,Timber,2008,9,5,Ex
1269,14100,Pave,381000,Crawfor,1935,8,9,Gd
1270,11344,Pave,144000,NAmes,1958,5,5,TA
1271,23595,Pave,260000,ClearCr,1979,7,6,Gd
1272,9156,Pave,185750,NWAmes,1968,6,7,Gd
1273,13526,Pave,137000,Sawyer,1965,5,6,TA
1274,11512,Pave,177000,Edwards,1959,6,7,Ex
1275,5362,Pave,139000,Crawfor,1910,5,6,TA
1276,11345,Pave,137000,NAmes,1948,5,5,TA
1277,12936,Pave,162000,NWAmes,1972,6,6,TA
1278,17871,Pave,197900,NWAmes,1967,6,5,TA
1279,9473,Pave,237000,CollgCr,2002,8,5,Gd
1280,7500,Pave,68400,IDOTRR,1920,4,4,TA
1281,9808,Pave,227000,CollgCr,2002,7,5,Gd
1282,8049,Pave,180000,Timber,1990,7,5,TA
1283,8800,Pave,150500,CollgCr,1977,5,7,Gd
1284,9400,Pave,139000,Mitchel,1971,6,5,TA
1285,9638,Pave,169000,SWISU,1919,6,7,Gd
1286,6000,Pave,132500,BrkSide,1939,6,6,TA
1287,9790,Pave,143000,NWAmes,1963,6,5,TA
1288,36500,Pave,190000,ClearCr,1964,5,5,TA
1289,5664,Pave,278000,StoneBr,2000,8,5,Ex
1290,11065,Pave,281000,NridgHt,2006,8,5,Ex
1291,14112,Pave,180500,NAmes,1964,5,7,TA
1292,1680,Pave,119500,BrDale,1972,5,7,TA
1293,6600,Pave,107500,OldTown,1892,5,4,TA
1294,10140,Pave,162900,NWAmes,1976,7,5,TA
1295,8172,Pave,115000,Edwards,1955,5,7,TA
1296,8400,Pave,138500,NAmes,1968,5,5,TA
1297,8700,Pave,155000,NAmes,1963,5,6,TA
1298,3675,Pave,140000,Edwards,2005,6,5,TA
1299,63887,Pave,160000,Edwards,2008,10,5,Ex
1300,7500,Pave,154000,NAmes,1959,5,7,Gd
1301,10762,Pave,225000,Gilbert,1999,7,5,Gd
1302,7500,Pave,177500,Crawfor,1942,6,7,Gd
1303,10120,Pave,290000,NoRidge,1994,8,5,Gd
1304,8688,Pave,232000,Somerst,2005,7,5,Gd
1305,3363,Pave,130000,Edwards,2004,7,5,Gd
1306,13173,Pave,325000,NridgHt,2006,9,5,Ex
1307,6955,Pave,202500,NridgHt,2005,7,5,Gd
1308,8072,Pave,138000,CollgCr,1994,5,5,TA
1309,12000,Pave,147000,OldTown,1948,5,7,Gd
1310,7153,Pave,179200,SawyerW,1991,6,5,Gd
1311,17500,Pave,335000,Crawfor,1959,7,8,Ex
1312,8814,Pave,203000,CollgCr,2005,7,5,Gd
1313,9572,Pave,302000,NoRidge,1990,8,5,Gd
1314,14774,Pave,333168,NoRidge,1999,9,5,Gd
1315,8190,Pave,119000,Edwards,1954,4,6,TA
1316,11075,Pave,206900,NAmes,1969,6,5,TA
1317,10226,Pave,295493,CollgCr,2008,8,5,Ex
1318,4230,Pave,208900,Somerst,2006,7,5,Gd
1319,14781,Pave,275000,CollgCr,2001,8,5,Gd
1320,10215,Pave,111000,Edwards,1954,4,5,TA
1321,8400,Pave,156500,NAmes,1957,6,3,TA
1322,6627,Pave,72500,BrkSide,1949,3,6,TA
1323,10186,Pave,190000,NoRidge,1992,7,5,Gd
1324,5330,Pave,82500,BrkSide,1940,4,7,Fa
1325,9986,Pave,147000,Somerst,2006,8,5,Gd
1326,3636,Pave,55000,IDOTRR,1922,4,4,TA
1327,4270,Pave,79000,Edwards,1931,3,6,Gd
1328,6600,Pave,130500,Mitchel,1982,5,9,Gd
1329,10440,Pave,256000,OldTown,1920,6,7,TA
1330,9084,Pave,176500,Gilbert,1998,7,5,TA
1331,10000,Pave,227000,Somerst,2006,8,5,Gd
1332,10780,Pave,132500,CollgCr,1976,5,5,TA
1333,8877,Pave,100000,Edwards,1938,4,6,TA
1334,7200,Pave,125500,IDOTRR,1938,5,6,Gd
1335,2368,Pave,125000,BrDale,1970,5,6,TA
1336,9650,Pave,167900,NWAmes,1977,6,5,TA
1337,9246,Pave,135000,NWAmes,1973,5,5,TA
1338,4118,Pave,52500,OldTown,1941,4,4,Fa
1339,13450,Pave,200000,CollgCr,2002,7,5,Gd
1340,9560,Pave,128500,CollgCr,1972,5,7,TA
1341,8294,Pave,123000,NAmes,1971,4,5,TA
1342,13695,Pave,155000,SawyerW,2003,6,5,Gd
1343,9375,Pave,228500,CollgCr,2002,8,5,Gd
1344,7558,Pave,177000,Crawfor,1928,6,6,TA
1345,11103,Pave,155835,CollgCr,2006,7,5,Gd
1346,6000,Pave,108500,OldTown,1920,4,4,Fa
1347,20781,Pave,262500,NWAmes,1968,7,7,TA
1348,15306,Pave,283463,Timber,2006,8,5,Gd
1349,16196,Pave,215000,SawyerW,1998,7,5,Gd
1350,5250,Pave,122000,OldTown,1872,8,5,TA
1351,11643,Pave,200000,NAmes,1969,5,5,TA
1352,9247,Pave,171000,NAmes,1962,6,6,TA
1353,6000,Pave,134900,BrkSide,1937,6,9,TA
1354,14720,Pave,410000,NoRidge,1995,8,5,Gd
1355,10316,Pave,235000,CollgCr,2000,7,5,Gd
1356,10192,Pave,170000,NWAmes,1968,7,6,Gd
1357,9477,Pave,110000,NAmes,1966,5,5,TA
1358,12537,Pave,149900,NAmes,1971,5,6,TA
1359,2117,Pave,177500,Somerst,2000,6,5,Gd
1360,16737,Pave,315000,NridgHt,2004,9,5,Ex
1361,9842,Pave,189000,SWISU,1921,5,6,TA
1362,16158,Pave,260000,StoneBr,2005,7,5,Gd
1363,12513,Pave,104900,NAmes,1920,4,4,TA
1364,8499,Pave,156932,Gilbert,2006,6,5,Gd
1365,3180,Pave,144152,Somerst,2005,7,5,Gd
1366,7500,Pave,216000,Somerst,2000,7,5,Gd
1367,9179,Pave,193000,CollgCr,1999,7,5,Gd
1368,2665,Pave,127000,MeadowV,1977,5,6,TA
1369,4435,Pave,144000,CollgCr,2003,6,5,Gd
1370,10635,Pave,232000,CollgCr,2003,8,5,Gd
1371,5400,Pave,105000,OldTown,1920,4,6,TA
1372,9600,Pave,165500,NAmes,1955,6,6,Gd
1373,9750,Pave,274300,CollgCr,1998,7,6,Gd
1374,11400,Pave,466500,NoRidge,2001,10,5,Ex
1375,10625,Pave,250000,Somerst,2005,7,5,Gd
1376,10991,Pave,239000,Timber,2007,8,5,Gd
1377,6292,Pave,91000,SWISU,1930,6,5,TA
1378,10998,Pave,117000,Edwards,1941,5,5,TA
1379,1953,Pave,83000,BrDale,1973,6,5,TA
1380,9735,Pave,167500,Timber,2006,5,5,Gd
1381,8212,Pave,58500,Edwards,1914,3,3,TA
1382,12925,Pave,237500,NAmes,1970,6,7,TA
1383,7200,Pave,157000,OldTown,1920,7,7,Gd
1384,25339,Pave,112000,Sawyer,1918,5,7,Gd
1385,9060,Pave,105000,Edwards,1939,6,5,TA
1386,5436,Pave,125500,IDOTRR,1922,4,8,Gd
1387,16692,Pave,250000,NWAmes,1978,7,5,Gd
1388,8520,Pave,136000,OldTown,1916,6,7,Gd
1389,14892,Pave,377500,Gilbert,2006,9,5,Ex
1390,6000,Pave,131000,BrkSide,1941,6,6,TA
1391,9100,Pave,235000,CollgCr,2000,7,5,Gd
1392,8944,Pave,124000,NAmes,1967,5,5,TA
1393,7838,Pave,123000,NAmes,1967,5,5,TA
1394,10800,Pave,163000,OldTown,1905,6,7,TA
1395,4045,Pave,246578,Blmngtn,2006,7,5,Gd
1396,12665,Pave,281213,Timber,2005,8,5,Gd
1397,57200,Pave,160000,Timber,1948,5,5,TA
1398,6120,Pave,137500,BrkSide,1920,5,8,TA
1399,7200,Pave,138000,NAmes,1950,5,4,TA
1400,6171,Pave,137450,SWISU,1925,6,6,Gd
1401,6000,Pave,120000,BrkSide,1929,6,7,TA
1402,7415,Pave,193000,Gilbert,2004,6,5,TA
1403,6762,Pave,193879,CollgCr,2006,7,5,Gd
1404,15256,Pave,282922,Somerst,2007,8,5,Gd
1405,10410,Pave,105000,OldTown,1915,3,4,TA
1406,3842,Pave,275000,Crawfor,2004,8,5,Gd
1407,8445,Pave,133000,CollgCr,1972,5,7,TA
1408,8780,Pave,112000,Mitchel,1985,5,5,TA
1409,7740,Pave,125500,OldTown,1910,4,7,TA
1410,20544,Pave,215000,NWAmes,1986,7,6,TA
1411,12420,Pave,230000,CollgCr,2001,7,5,Gd
1412,9600,Pave,140000,NAmes,1950,6,8,TA
1413,7200,Pave,90000,NAmes,1949,4,5,TA
1414,10994,Pave,257000,SawyerW,2005,8,5,Gd
1415,13053,Pave,207000,BrkSide,1923,6,7,Gd
1416,3635,Pave,175900,Blmngtn,2007,7,5,Gd
1417,11340,Pave,122500,OldTown,1885,4,6,TA
1418,16545,Pave,340000,NoRidge,1998,8,5,Gd
1419,9204,Pave,124000,NAmes,1963,5,5,TA
1420,16381,Pave,223000,Crawfor,1969,6,5,Gd
1421,11700,Pave,179900,NWAmes,1968,6,6,TA
1422,4043,Pave,127500,NPkVill,1977,6,5,TA
1423,4435,Pave,136500,CollgCr,2003,6,5,Gd
1424,19690,Pave,274970,Edwards,1966,6,7,Gd
1425,9503,Pave,144000,NAmes,1958,5,5,TA
1426,10721,Pave,142000,NAmes,1959,6,6,Gd
1427,10944,Pave,271000,NoRidge,1994,7,5,Gd
1428,10930,Pave,140000,NAmes,1945,5,6,TA
1429,7200,Pave,119000,OldTown,1940,5,7,Gd
1430,12546,Pave,182900,NWAmes,1981,6,7,Gd
1431,21930,Pave,192140,Gilbert,2005,5,5,TA
1432,4928,Pave,143750,NPkVill,1976,6,6,TA
1433,10800,Pave,64500,OldTown,1927,4,6,TA
1434,10261,Pave,186500,Gilbert,2000,6,5,TA
1435,17400,Pave,160000,Mitchel,1977,5,5,TA
1436,8400,Pave,174000,NAmes,1962,6,9,Gd
1437,9000,Pave,120500,NAmes,1971,4,6,TA
1438,12444,Pave,394617,NridgHt,2008,8,5,Ex
1439,7407,Pave,149700,OldTown,1957,6,7,TA
1440,11584,Pave,197000,NWAmes,1979,7,6,TA
1441,11526,Pave,191000,Crawfor,1922,6,7,TA
1442,4426,Pave,149300,CollgCr,2004,6,5,Gd
1443,11003,Pave,310000,Somerst,2008,10,5,Ex
1444,8854,Pave,121000,BrkSide,1916,6,6,Fa
1445,8500,Pave,179600,CollgCr,2004,7,5,Gd
1446,8400,Pave,129000,Sawyer,1966,6,5,TA
1447,26142,Pave,157900,Mitchel,1962,5,7,TA
1448,10000,Pave,240000,CollgCr,1995,8,5,Gd
1449,11767,Pave,112000,Edwards,1910,4,7,TA
1450,1533,Pave,92000,MeadowV,1970,5,7,Ex
1451,9000,Pave,136000,NAmes,1974,5,5,TA
1452,9262,Pave,287090,Somerst,2008,8,5,Ex
1453,3675,Pave,145000,Edwards,2005,5,5,TA
1454,17217,Pave,84500,Mitchel,2006,5,5,TA
1455,7500,Pave,185000,Somerst,2004,7,5,Gd
1456,7917,Pave,175000,Gilbert,1999,6,5,TA
1457,13175,Pave,210000,NWAmes,1978,6,6,TA
1458,9042,Pave,266500,Crawfor,1941,7,9,Gd
1459,9717,Pave,142125,NAmes,1950,5,6,Gd
1460,9937,Pave,147500,Edwards,1965,5,6,TA
